Pressure (p),Temperature (T),Time (t),Energy (E_total)
40.49684161315234,535.5158072883163,6.0629341904028475,0.868024885016842
36.244819090810225,460.13362356968787,6.915165680082708,0.8128946178356818
30.854424750443254,527.190334230838,18.37427170693188,1.2169865163768483
49.67618546870536,570.4491147213322,13.845409068833627,1.1479066186222229
31.743974904793824,509.6344874957252,12.209069568598203,1.0155865431846636
24.133469609334526,551.1110954979549,17.35748392896061,1.2020024503784414
42.380042698240906,508.1948524628208,15.369727540922897,1.122261732063309
38.880144135678336,522.0702589410519,17.129932527150757,1.1845684149251725
30.96204620049252,464.0992286400624,15.10473451849293,1.055943821945466
22.828392133421513,473.973097117935,13.411672575485062,1.004858764549264
44.27926725874464,462.3338927662961,13.916038548136124,1.0351641332838106
27.947062046984485,549.937461895173,5.907160974802391,0.8620861186979754
46.346347949922894,474.1693145421272,6.626976644750902,0.8309115488220579
22.233589730599643,493.88597079984265,17.455421223132905,1.1453405946570796
21.90269416799915,513.0740355609363,18.454930861400342,1.1941003291129455
42.70469986559898,508.5463943521711,16.40650994807905,1.1541225676265414
38.070989333149186,527.2932211850798,18.797149037054986,1.238796428963166
48.13724847990646,508.0856092659206,7.033283459554771,0.8792556736524467
36.04934419026473,494.42896507461387,12.258230508274277,1.0072375605606732
47.77351710607043,516.6058697990228,19.514091325253958,1.2617455059392295
23.667940648861386,590.6624732620421,5.175560347774894,0.8755142095063657
41.53470983496307,465.8669770205726,5.864234507894816,0.7937123995511209
48.27639209454284,463.4931768798007,16.575315830267606,1.1210981419060075
23.749580035445124,468.3740095307339,8.557348880211345,0.8547814509813806
26.30549701186522,564.3380342914302,16.31571993389457,1.186691503573099
24.390296672741623,569.0372697017708,10.800763082631391,1.0235480330216398
49.21055381154112,562.5301731230994,12.746042029689468,1.1064246262782098
45.73231680387877,556.4101749129914,7.749258224246228,0.9460533176452267
47.526698934407875,473.8890402646308,19.177973324536882,1.2086366136687472
35.92021561589026,490.8445917973229,10.32271969288556,0.9454264521037525
31.89864689959242,499.62843490855755,16.605621613327422,1.137670391932871
20.523492055663617,569.1621961042742,7.513781436963033,0.9202300042827447
46.26043619311318,554.5756333302197,8.09040278214012,0.9551132620358148
38.973691845325554,505.06028500806764,17.070334108380223,1.1658874230661314
35.17475730156212,458.0571344707392,14.457857398891893,1.0357613030644486
43.05109293746197,576.94350997717,11.289603563356149,1.069445483049682
48.195162934677185,515.350269819682,19.038012776558816,1.246734606784793
35.96018061823241,502.5543998303575,5.589677573758726,0.8151949528159098
46.314410312237584,566.9912897799186,16.626026215898793,1.2236650891471794
42.37191396673681,534.1958417444681,12.268945750363226,1.055229106713786
40.42030986759189,558.1222740346519,11.86636809077772,1.0646387040924734
41.273737079939586,520.7619800598256,5.762785726648912,0.8452377232092174
34.10860678110544,580.3340470628178,6.140892495046357,0.9071965803905904
24.310283060053987,539.6047463673605,7.193459104722663,0.8857963733341078
33.91814733367161,533.6325873710215,18.46124931667658,1.2298677510384084
43.30399918097599,471.83973154524693,9.53120718280621,0.9119059460056532
24.21673941170765,595.8855397847861,7.130946780537712,0.9400848674655521
22.941467885887235,546.8683637603574,10.797623708575372,0.9994739098749775
47.1128324336691,510.7931807901937,17.41418359091511,1.1921097290597333
44.8805668287637,521.9170779758916,19.73635908739092,1.270108559133574
40.01803406672302,578.8172301654337,9.71166676347095,1.020189775652966
25.984718478445775,555.6588137830361,7.859915960768182,0.9239371907041387
34.13968128485882,539.4257904464118,6.90187651250859,0.889156687427743
20.97446605922115,507.135336722185,9.025311540789222,0.9041127655198881
27.164078344459035,580.1465809337491,12.425269431913318,1.0868597618217224
41.99459115373719,540.4001533559535,18.542918565614762,1.249180949266568
48.16413436417183,461.08657551075294,9.375580239927633,0.9025591506637967
34.889508732779575,539.4480159916118,14.080295227251446,1.1054687587251295
37.0674220338109,574.7261904977979,15.640706172457778,1.190281653213795
35.613859283730704,498.8305198942089,12.789726239227033,1.0270396311756833
32.940583292392176,547.6926935526008,6.548793250935638,0.8853322201961601
32.193030676508016,523.5480937574616,17.681538140874103,1.1942355263293196
46.46760283914827,514.3768340215811,16.917323933108,1.1799810555637564
37.87947511910039,488.1481399917994,6.746157720735679,0.8378822155127452
48.059410111091566,597.8437223717488,6.2057366287074345,0.9440900838718362
28.26426294734349,520.4202669299111,10.211189674277753,0.9620862858424232
25.699068476084822,496.74048369545807,18.618392998717614,1.1874161092520925
37.043409002731636,518.3269198093365,8.100330228152064,0.9076410879073129
35.0514864697884,529.8345725498971,19.441875228920555,1.2569051875047492
46.8814760319608,495.43905697971445,13.750368498466646,1.066551956973665
47.82449607267578,586.6485558470383,11.3549234041031,1.087076878060976
38.03978088015252,536.4341526088335,6.124439691100622,0.8677170694420427
42.92373308667936,489.52016171066464,10.913544076975693,0.9705811503782846
23.702620441742926,530.8305441261502,17.08345331853736,1.1729624192344499
25.159988802976848,529.3014580453103,12.643484267550392,1.0400559720755431
37.92846660240869,520.7691284779221,17.516556552721735,1.193676408312585
22.77291491190596,470.5677609316417,16.40145787349228,1.0910776407762925
23.247253991956867,534.4446768721435,5.2569548515262206,0.8212123899078764
26.76098008900665,593.4679575118989,17.22160660608177,1.2435673808056105
34.3586448117108,574.8457969949775,13.46708759897005,1.1218067309787176
46.395135120983774,587.9603142358396,8.32833080213038,0.9958041572009807
37.011144561802396,494.0459781199457,15.93532666262669,1.1183697087009996
30.606687815014325,485.0937726545014,7.534220983692542,0.8493787619340455
23.44621403145579,461.08771754577674,10.119617783977297,0.8939840186044153
36.8875468091136,483.76706386770377,12.402397910843334,1.0019484347043959
46.11513469155862,558.1550000071142,6.171742987900227,0.9009512080085692
26.23566445803025,524.9107403290607,17.53673631615679,1.1838074103863023
30.74685550087498,501.76958492877816,14.68040563267859,1.0806153232852298
29.181898996687025,550.7212209913453,7.973244619783783,0.9263959333307175
37.13715825233126,589.1142480221556,9.601793583344001,1.02358950333789
25.40897343795517,477.57524917036756,17.41073745669233,1.1316585896685816
41.48725950845247,562.2560815277449,18.20071891368334,1.2601367233238108
41.219334652492435,581.5797024465156,6.365179815629624,0.9240592652310199
29.548319497126002,476.1930599886111,12.215294648928545,0.979587298827875
22.169630984441067,553.6420799923544,17.7446865036037,1.2136947138310168
20.551593592335397,557.7803163337682,9.264960892407974,0.9614186350964266
47.930259647272976,481.7063874996706,6.794142565631882,0.8454434890277183
34.30269777095421,584.2736553276969,7.205706596470996,0.9433232254355195
37.51054781513473,565.1722097107349,9.8243028991023,1.0067894814527223
35.143550208874345,576.970655267823,16.606228899407718,1.2190869600111476
24.23688106148081,595.9462550363285,7.956500853714969,0.9649373819746285
27.402162767313357,520.6697387555059,9.227528415757412,0.93174829468737
40.42335108422205,585.4694268611232,19.171089800428618,1.3111313097292594
20.24154085070102,513.9969108027228,8.770409592053433,0.9024111246277021
32.10219291582068,544.3075267976267,16.810713451534802,1.1887566714884468
32.03698153243111,569.1580345350013,10.542904926508442,1.0254914092457936
39.667258236916,543.8440973365019,17.970300414103775,1.2325371825557603
47.40820130843703,524.6991633062503,5.321995529341984,0.8436192808220561
39.60377293344031,479.57353876127075,12.21877625387896,0.9956415425444399
43.34948219537101,467.6632002049512,11.53588316420029,0.9679265478751736
41.00056679548312,581.7902664427518,10.235406390268645,1.040103166645165
21.05476137639643,532.5113488105814,14.288880590400979,1.0874962182431063
41.22785107389006,547.1247533961159,5.8155801044840025,0.8731269703729986
27.50777854182278,497.3994387940895,6.636706808467711,0.8308853662253993
43.47896759159482,522.4441189968736,7.835248452048282,0.9118502820478156
40.50978554390008,495.45712470319984,19.207655157126883,1.2223240113468816
20.810273910018324,465.78377960937536,7.6925849046237165,0.8225741691356098
39.89506304466364,527.447803532983,19.23056698671856,1.2542336419403695
27.12067711677823,514.3853386373535,16.137253366020424,1.132403786013939
23.053489708449067,471.9820959746514,14.37994414066658,1.0321972823302101
39.47916325318218,493.29217790478504,10.528953656479512,0.9585097416656481
39.55408390145524,460.771608837391,17.968012367802558,1.149254584748287
44.84765931208226,531.2725640121675,14.937914731920827,1.1354695801098953
26.34443061784957,554.995741769187,15.103753374983455,1.1410388812910026
30.3563532583239,572.8239579261403,10.272639359622275,1.0189485802877136
46.78859445503048,527.4288288069278,9.482297744165628,0.9703835042006846
37.94472210429977,564.533846473408,15.74137888711376,1.1842061157171955
43.6820462506938,491.4351409269627,14.576252203230736,1.083325264837252
21.54691360569331,509.4238282007828,6.6006795967288605,0.8343778581097653
36.69288673211752,528.7291331717025,7.505240413179725,0.8997524539822412
48.44861841493338,541.5394646288782,17.989887919275453,1.2417968752258086
24.558599680567482,494.8684687690658,19.239350919979035,1.2027472459691464
40.98687214175691,525.3702655736265,12.325036992297878,1.046354965519759
33.692401304802765,539.7524009792523,13.742291309138698,1.0941366418844167
29.32157044322309,596.8170947134149,14.049141572815747,1.1549433049519162
40.521631149019484,492.70085993811375,13.078360708123354,1.0357037201180888
43.971269160741855,571.5779451636455,19.13916814178797,1.3007170758682118
24.90542708552722,492.5135487018846,12.931282271963061,1.0115838007176856
30.992442337026887,582.5536527514016,11.627885292610063,1.0701307644509872
40.13996742256183,551.8002223618864,18.092707578350016,1.2447564089905891
49.44874929316855,564.8690996880728,12.355771273026658,1.097353174495333
21.555863781335436,523.3965047242372,13.886439484348427,1.0669345189813593
23.91455457890103,522.244957564942,16.3680624605905,1.1431800246062833
40.06678359580292,552.2624604276853,12.768803401761783,1.0854100419752923
38.47946723788333,568.9069643521086,12.248636331592877,1.084465388347249
42.78699458774558,591.853148420845,6.416418012238809,0.9378294320226911
21.266187578254964,478.93372810821177,9.590339863049872,0.8932266584725266
30.190310475850307,476.88185854334967,13.516527132953103,1.0201155606267558
42.47666503162605,524.2356875780382,11.022223787762451,1.0079982325004444
49.79855043175979,481.94480004045334,7.349414113150941,0.8646754114746814
22.111848930165245,564.2009886597664,6.409810954930536,0.884135128470389
24.09209801442086,580.866428101171,12.782622339289802,1.094460220797891
26.955820281591237,476.476058595836,9.736507692709216,0.9022660647291015
49.791214800614156,485.2512334604083,18.619429284182488,1.2060731304866508
30.871727042925382,549.3145801208568,14.67859361298158,1.128262047313961
20.813773976577657,460.2052883929509,15.48081942548564,1.0506470886282422
24.62285614169795,523.749622695846,8.538249081694744,0.9106756653238107
43.05445976377972,560.0275516536948,5.5104344200250415,0.8791586589591707
38.65137780956121,461.4210343989166,7.619402576460314,0.8383173339546776
33.939760366958275,507.92800630864593,7.66495863235062,0.8803014657378624
42.40590560725998,477.242199243778,10.966589710063243,0.9592472725547502
28.6828044814636,458.81347794670074,14.031189820859653,1.01560267817432
32.99920320897036,500.4667363886741,10.103584308673176,0.9448232696600822
47.83415159202096,593.9824514979832,18.55528837961401,1.3104337923764298
44.40956533386751,525.9546889558727,17.890331644649535,1.2181765949626933
33.10027552162795,532.4258431895253,17.480737576631352,1.1982233148905008
44.0085960973235,546.7013911270143,17.007737423110925,1.2119442589419966
43.61224225914302,539.0545790869355,12.894030691741825,1.0803908026631193
48.033107289480704,599.5125309405929,6.753662340679131,0.9621637852728177
47.055781529080875,485.9712260902285,14.590567217291602,1.0825079695203277
20.804168504109903,487.39240193409216,9.539548067318668,0.8995840545837895
27.981046158953475,487.6520779079289,19.114553366094313,1.1960649865894502
23.02135573011954,457.1187608455789,15.269687960708078,1.0439860943294708
48.32655578892966,513.4107848134007,5.4386237670865825,0.8369776925621603
47.05833973652584,552.1629462507465,12.633271910591723,1.0899840282391555
37.00439028034771,557.56767366823,16.931444413222728,1.2117664939153465
35.23756271735613,468.2444266693667,13.491379690841672,1.017032770791312
36.39719016618188,531.6907026381377,9.7661196419124,0.9701707796032372
36.56066426164911,497.15079518274325,10.999637541157046,0.972840751744516
34.381950476252754,497.7276123069529,6.453419328746051,0.8343076302646503
21.261655408666257,461.6276310015961,17.83258082959766,1.1231821251503589
44.67687443982123,552.8802514720178,9.945922984035903,1.0071040340428714
25.992640500162498,543.4955935542348,5.904969683128086,0.8531354846732805
47.17561199227039,514.3079991467621,9.37761793858228,0.9546060522945684
22.20894077587662,574.2962479861087,19.199103330204288,1.2780305238620833
30.825141709388223,557.1643205099175,10.094441331863532,0.9985289876025587
26.03632194456182,488.56911377454776,19.599950710410745,1.2091130375175725
43.937939123127975,586.1962879590312,13.980680698547117,1.1605391328193548
22.314814352968657,572.3461980429648,9.621995592337585,0.9888995837543032
36.61151041410452,565.8081710904806,11.341499869044183,1.0518175551794369
37.36730436424344,493.6704785896808,14.03982618486459,1.0615743945909228
29.52859115272659,589.4695501827161,7.474763698521226,0.9506232000792612
23.20718777906059,560.9138130376012,19.631741970555808,1.2788750568781013
27.464087974973896,527.0448592124303,14.736861281397726,1.1034808076230793
37.7628640273444,464.17568690416846,14.570158801502375,1.0484840309834202
41.39399206966263,511.9085286480573,14.967676539592102,1.1126813149228987
20.852764425859757,581.0609087180475,9.710902155300605,0.9984539289093903
38.682148694874655,503.4450419109537,15.16940987731538,1.1068800240990084
40.74726228769619,554.5241435969301,6.86474210194087,0.9114004845147764
20.667146614203762,515.8580002681572,18.4201821123375,1.194297396906037
28.71176322760777,599.0751077248076,15.190250891960945,1.1906723385181457
38.93651188497698,580.4870270439512,12.045473677161961,1.0905218772150314
48.64599956818435,466.49775364616426,14.455660007366179,1.06097505332738
28.301953101604802,463.6276278064477,5.153353553325648,0.7536056757832231
47.61767233058531,472.7824615356506,17.745111514542028,1.1646578973851431
47.35936897532983,499.36768481640894,11.176279383896512,0.9938552775524666
29.756823647263637,492.4903154453293,19.157251453252204,1.2044038886019752
47.46967179994912,572.8080062923765,6.0160637460300155,0.9126270084232134
24.92563389902313,542.723074579773,17.041655411784337,1.185129779307082
33.62085015592632,486.22154587756313,15.239718624536737,1.0854391673085733
40.389488708259115,546.8264070171393,7.416439150187963,0.9198064424081022
36.97419640802771,503.2491182797511,12.947913811142039,1.0379042781240468
45.71815144299068,555.6191882773172,11.973017862817361,1.0719574134655765
37.01368184410523,556.2341699495264,15.738282255559838,1.1746497399214533
35.4516843318912,510.29326425285507,14.757606028846283,1.0973360505331076
34.390747842100005,557.5217588655754,6.855543374413065,0.9061764949005924
48.07947416379633,462.77734655275776,15.6904333859875,1.0935896908371283
26.520317916117868,564.4615772254302,16.76817592198544,1.2006572522801409
33.02030153774171,557.1918873393846,17.875645988060235,1.2347366439033687
37.85134923005895,472.65556655366345,10.945125195987828,0.948323508970872
24.860636261000142,593.0625903706756,7.917354739141547,0.9616590278711722
38.65562048656316,537.7421071782585,11.101041256507393,1.0190928704816844
39.6340440990801,584.2825744463944,9.71295553390025,1.025213795587252
26.050427723926,462.5530802557398,12.708923788536495,0.9763838285667422
33.997680940368824,505.56414926139144,6.366849593958288,0.8390667382556011
39.57798955962105,501.14312536994714,14.852560243706607,1.0961924196306718
44.89606544418602,465.2368369558441,16.971831757572517,1.130511871488252
21.044202229238,552.8297231896834,19.59327940546033,1.2669333581400408
20.94243363359432,548.9195545618005,14.09316805878497,1.0978926383673426
30.140806557827478,516.0230141805177,12.383755570453104,1.0252116894913952
24.370634513840606,546.3823458929201,6.315560672123171,0.866312459198916
45.641424763197264,577.9985423984062,5.21317151808693,0.8914454688950106
34.99230840402911,534.0647519068914,11.56561136255263,1.0247734782885067
33.52979826368281,578.2182159644043,18.653129981915317,1.2797243632514674
39.23140681498771,531.4312602107717,8.252497729770141,0.9280454506226105
48.54415133414535,479.16297819647775,5.313599967847758,0.7992511663995922
32.54954130943041,488.10473017527397,13.120687977757436,1.022412296144785
49.50807270504994,561.3461211686651,12.821449353593376,1.107874692657779
40.24168911180918,568.1139182468239,15.031045112534324,1.169347383012615
40.44137478476556,497.4273708139458,17.770918290121664,1.1811066379985529
26.08918033027108,470.73991091995873,10.710075158314297,0.9246536410822265
49.37114900732583,513.060040976088,18.539568066518243,1.2309610192307927
49.33744207604168,535.9896822336079,16.904446553331415,1.2047948814286027
33.575955949106344,466.9150958058894,18.8643416487988,1.1748152902062365
44.34094963473433,544.5791038947623,17.352979781459474,1.2205946843819646
26.49899558000063,599.2258665531141,18.38229107524102,1.2838183432853456
31.207556727518913,522.0551686266998,10.166134430221915,0.9660486474427559
42.7091873095559,473.73778296490804,12.959581533662183,1.0159117131117184
30.437353091130927,474.9362212460281,5.444673634719109,0.7763231216515151
33.38564591699572,520.0867390403259,9.360191863623525,0.9426245523452764
34.666060133279586,518.7610906505518,19.153547230741374,1.2367000827393926
33.062382537269684,501.9799115519845,12.777314361097833,1.0266273205565066
27.96727238880093,463.9055059742038,14.524113262238997,1.0345879943273748
36.294679713417764,549.6360442055848,11.980467567385865,1.054418420868933
43.79993425363167,542.3356666673444,18.053240917753527,1.23868281201699
28.882149849116082,595.7915097967754,5.242960352521181,0.889183007683806
29.64034812271761,483.25787481747153,15.238749820958281,1.077470804599617
40.18826663289916,480.20516303466263,6.615176316113253,0.8288957858091842
42.685853079343474,509.02348598240434,11.553010830309447,1.0089711272408672
48.48340721358118,567.8808290084364,8.494931997163771,0.983333047940326
23.079610695303483,483.75923419579266,10.142961169195807,0.9168975826407962
45.90731936569369,530.9639626788555,8.164367306298999,0.9332791310749425
40.765422307117795,563.7035933893061,5.2286520245787935,0.871519932010567
22.211917298929016,478.46041739430336,9.99799148732686,0.9061650586377704
36.932313950869954,486.1903651272105,19.899499913822645,1.2293407549804773
46.9403240413698,464.25585017599553,12.74363822650757,1.0052404020229349
49.638078309115414,494.3007219647873,12.062318237281215,1.018217866969618
40.687262164846516,575.3953044844359,7.266636263891359,0.9442534701072347
32.17278258145447,596.5637962915273,7.509305935476899,0.9620589525826524
35.77132467549573,581.8270418324233,8.408549163704555,0.9787976725879296
33.10612030863125,549.0317620024731,18.937299324068903,1.2585333921103294
39.18011995944022,578.400621356764,13.948442637896255,1.145829050442952
37.23436415727653,533.1692294575145,17.791894319616105,1.2134690142425932
29.126742456047342,477.4955509792608,13.068748527305118,1.0059664348684736
26.356614734525966,485.84470958302575,7.689228179229886,0.8494673233780798
26.116516070183746,491.1568838759055,10.475756068676183,0.9380752110239207
22.13856006020157,550.4168218819876,18.27607588807337,1.2263722985994407
29.91097404853844,467.4907833712156,14.561105643238161,1.0417126702290336
45.05075145424121,557.4906462642077,10.520790830825113,1.0294278105067627
40.558816471686036,589.3401423054926,17.106091244422686,1.2532214002277808
35.55723052146359,537.8053509814254,5.389430299744072,0.843934798125577
29.079563813952568,494.135907539626,12.5931919637324,1.0082811212190388
23.465673903773258,539.7234956072455,9.639133107852818,0.9582295812225466
44.89680449281249,458.20969559367006,10.219379609364982,0.9209120894906352
22.644008838049277,587.274570801984,18.277890455854333,1.2639162955251757
34.16771985661977,585.141513651886,11.025388625646855,1.0586128222420665
35.577688968745065,542.1274006276916,12.929990415398116,1.0744992243005664
43.952637232248925,582.9522514387832,5.214088872019145,0.8943157141396686
32.55575964935757,577.5061446386853,9.284593697040808,0.9967386551116065
23.91683006304169,459.98345157457493,6.323242268162031,0.7795767571982379
42.1407265468078,516.7429632636247,7.5221784375181,0.8950842245726774
28.09650809151647,515.2968007421891,14.333102060417119,1.0804104976690985
25.8332111802695,522.6215039333595,16.911679831575178,1.162263412855952
36.00640912695624,517.5502845099456,14.928445219802688,1.1104116525127217
47.37148324461993,519.806251558417,9.438050186786647,0.9621621112177913
40.504194916400614,494.2732563782065,18.42432275031308,1.1976331825330997
40.95065751749144,596.8411170193982,14.083968082551365,1.1705484813928035
47.58943286924034,555.8598245216788,13.971742329919032,1.1344988855058002
34.4113382409227,596.7255849292189,7.156216902891182,0.9544262648171077
44.583705967361425,534.1415503025361,5.8528054952959465,0.8654553476206163
31.685691727945223,587.2097766608786,17.70547819719773,1.257981237236742
36.552269256040404,522.7363666214051,17.071619204049107,1.180575279312929
23.43810131366465,569.0492220986719,11.893928825345402,1.0551647135011148
49.53388285161254,511.5727438637847,16.569287250059162,1.1705687149300754
46.9565761126143,545.5597118359044,17.073552818826748,1.2164620165414748
36.166358238194235,597.1638211650333,12.08282203167779,1.1048564299131098
47.13304124241618,505.41923716660284,18.80742581779449,1.2285583132534579
28.719739760111445,480.13193904721396,8.963772436789439,0.8849447868510364
35.550767230575644,489.75709696888305,19.814691663761565,1.2286363059199497
37.456429932647865,586.4682126184346,9.524132123282044,1.0190127137327059
41.35076975438479,575.516422941736,15.319286435887749,1.1867834782113496
35.58849411702556,542.0307422053631,7.498418799122984,0.9114689238253347
42.28724340787607,542.5355056831917,14.732175103075704,1.137359813035308
29.543189056548712,553.8283443198338,12.556343859310905,1.067447646419847
26.993287412374627,594.815352553182,9.094068238651284,1.0013790089781889
26.402896040980124,507.90404140690384,7.921070188583986,0.8785397671156485
30.115730990798703,539.6598037048618,14.495937553782344,1.1121825940568306
43.58217032862713,506.4083491887693,15.58986012122487,1.1285818657362994
49.347779511641576,523.5388834636149,18.661778295972233,1.2450769567323339
30.565113599880515,562.679585740009,7.376566523774952,0.9221829734531082
27.810935277779635,549.4612620652242,5.1410423401284495,0.8384562013663023
31.733435847741468,574.4524637007657,8.570940664035422,0.9712474784315052
36.06633868184045,535.4422396686018,7.6776880217694625,0.9108558036739862
20.96781296877623,593.2764203887211,14.248762132092738,1.1469490505624735
24.487932846747572,517.709738360339,12.431001809587212,1.0212497087063899
48.31678570940219,526.5807525084915,8.104611161713997,0.9301150694966642
30.76908114286102,459.0040228272508,6.883939082900161,0.8039835467428319
42.72356254895689,529.6298724149531,17.927448979482435,1.2208577949856223
38.7423580213802,471.5132754840025,12.92733026514684,1.007761130965133
48.296523666868644,540.3908230738315,19.977245410557174,1.3000788399741325
29.63693263403895,571.9019634090156,13.693797555462963,1.1197620558654533
43.23788785789711,470.1164381125046,17.554602828427704,1.1508018827877073
25.020275379934972,503.5838940708402,5.477938583239868,0.7991973957929549
26.3337032334302,573.7947404462866,6.287290714727759,0.8953305909299072
22.122642180590983,467.97902981117636,16.54027700509315,1.0918406426897096
33.69804707492889,586.2501453665568,14.281783354733331,1.156826204852218
39.59415206607744,471.6809065857526,8.809611469115332,0.8854619407418093
32.725055582589874,488.2231112723629,18.143413750441542,1.1734318432638466
32.6735041931166,476.69031737842334,9.646214039172303,0.9069186187949883
22.707871092123767,553.0334755089012,6.08954465548109,0.8641046540384887
29.789525434277735,556.9101190569381,7.705337886810369,0.9253071624540964
31.560517160191665,505.84761761789895,16.594810675696188,1.1431425843390242
30.717038387143855,560.1764195500434,11.905037919555344,1.0557238551206336
42.62633824412471,530.8157168832134,17.420284285323632,1.2067071682480783
43.65729560509435,520.1539629858162,11.046997882836273,1.0061355189772723
45.88331295184088,537.087849294589,16.453054987530564,1.188033640110307
32.257508765745136,493.84564154895514,14.329176634151068,1.0640428265306687
41.1860913072998,533.6837883894402,17.572915718548906,1.2123538740800321
24.037442225389643,510.8206310975148,11.067621861551467,0.972896089725796
32.53012661524723,565.1481644458436,19.727933526262,1.2976488285027625
22.191022982244835,597.9526436496574,9.562627286563878,1.0125702409743798
22.789510536990548,456.2797813887108,18.20979205111465,1.1310604310933885
44.679032557864446,525.1871785402179,19.83920516659161,1.2762121242352968
36.29497961228951,537.0441780674258,7.682110947580579,0.9128762310102051
44.03157976594156,493.5817222472161,9.442578700894178,0.9318985579814684
48.37218303014055,496.4447685976276,13.665802189991084,1.0668840630850358
24.246494481596237,559.5196857843464,13.247954427194188,1.0872664367021674
28.803800823756404,495.67024120750864,9.538057253454085,0.9178167098408266
23.91307338419649,590.0122550716933,13.957924954071872,1.1386413454240953
34.80705819147402,478.97170098637247,5.240586323302035,0.779698113424776
25.440914827991357,481.9136183604468,19.036356392303716,1.1848054536645476
30.01144243915749,556.5088473830834,5.830541213598076,0.8689393868399726
30.119482377163642,481.89736131122305,9.387822825748845,0.9011813990551429
41.56013230395914,560.3923810005842,7.3331624304777145,0.9323374192948645
23.177662017718017,458.39394717380026,12.684417264064297,0.9678985426178767
23.55090339149098,515.4854086194932,6.909315917746648,0.8522035153912563
32.47357441081532,574.0836014146504,11.829637699695473,1.0695647004190338
40.474712865201084,501.3148144091008,15.491556990994575,1.1166549152204395
47.50094437014262,507.0544473930217,17.20481392077035,1.1825750454788104
46.90807136862197,574.1066677779758,7.677475527844807,0.9630660228240974
33.217866527701005,566.6023318597969,14.936283154263698,1.1562131596473342
26.38242666633151,567.773789931143,14.334683387135454,1.130792324878121
39.960779571466546,560.8992254776847,19.62927511504357,1.299728453393325
25.448930662176696,526.5732364064792,17.690591540965414,1.1891021459631625
32.898663880192416,475.9669180559191,19.28177140234709,1.1955433899765724
38.654774600961176,557.6318830899393,19.590087160575614,1.293652966158409
40.60298200232737,538.3404275637347,19.23981028368702,1.2662884635772547
49.47250227694212,479.80607790103596,5.947979759480077,0.820086098531616
20.616746184143032,486.26778004096,8.171390489748354,0.8571804274635895
26.208460072274043,465.71591573012967,11.965160965976688,0.9574313197997728
46.674125204478045,469.798199317443,18.248817929161326,1.1756053936978803
25.708591629231933,459.9833805912196,13.167045614489204,0.9871304885624356
38.62618320933305,519.9800777823011,10.172556917231496,0.9734395143109124
42.09919370071334,547.3941573102794,18.235945273986417,1.2470965076557636
21.775036497732906,572.0754917625792,15.291447048367003,1.1580376988357555
43.362574997392244,589.0488091602022,8.050130670193095,0.9847559480127352
26.0882365127472,577.1001578289467,10.609366100132249,1.0279914364738483
26.229508843593493,461.7219969314347,6.434531857340193,0.7875448387061323
26.344754007650728,493.12198360402084,10.409395184557887,0.9383347816503208
31.301511997758112,528.9678156854935,10.284589141074761,0.976632379914934
48.08769122135516,533.0758290682422,9.588910983908635,0.9808527726121952
20.695045558337057,471.88994158299704,10.170648514295037,0.9028782039597695
21.927960337327615,499.57653072664937,14.517759678027218,1.0625192714891256
47.47643499419506,512.526130793181,8.048021776500573,0.913312327830942
40.58107027758706,550.6291652880618,17.583801530760574,1.2288695490578632
28.027503025751738,577.4410997225509,5.301936723649145,0.8715335802142149
36.9481892216096,551.8317044224976,19.674636613411224,1.2882560393518463
46.61809578722107,596.5902018999479,17.155360914966806,1.2695236490829784
30.5801610429519,484.28111676165935,9.327364958863136,0.9023272668312433
39.806465035480805,566.3154207034993,19.61326701993223,1.3044715125958173
30.331151042129974,498.04060566808005,19.654204336955814,1.225580674579417
24.548830483270336,519.7962282355534,16.674361442960212,1.1507131096284478
32.10982962839299,582.6007034439001,16.065924114229198,1.2047157139062674
21.46284904474553,591.9649217953727,14.885227156030805,1.1653502977822288
25.864943735012965,555.942256269203,11.62949633223181,1.0371583259049235
33.20685958234009,509.0965751461682,12.699086563907768,1.0315777465413265
22.13079698673917,487.3598812658504,19.704798923464963,1.2061673452032233
20.802576304246337,564.0664012443362,17.056597577387414,1.2017675489462667
21.68810300306886,527.4878885152842,17.419865454723244,1.1771939809108178
43.37559297795497,519.3755296030309,7.265332815755173,0.8915550052981298
28.432489456632496,488.45917346614317,6.552554280499267,0.8205764137019118
25.55178289723073,470.18574395529487,10.083823294460682,0.9046401714106537
49.50425357999566,538.0455060846671,11.192713543358964,1.0357072293604306
40.368773318504964,491.3180104515974,8.181432836171092,0.8872219621848613
41.63184878818822,578.8747378754614,6.684181842417177,0.9314400041332119
24.793281721675278,581.236236626518,11.044943303175739,1.0435761378738844
25.421681502846,537.4005107961095,8.3696330099942,0.9202666029744929
49.595515113837706,568.8463144179452,8.87563050904948,0.9971096235817266
20.711768481239336,459.47213838651976,19.489281819268157,1.1700403035661138
24.69356952736996,477.2075591068386,17.44527248962772,1.1314326957048826
40.44189027112789,460.96859086134936,6.876479271603356,0.81781533184836
36.242053005560464,589.230521212733,16.38242331473743,1.2260057869118066
28.661375879957053,587.50591694685,10.170524975992294,1.0284483860765652
22.804733764545716,588.6734610146045,8.683464539078805,0.9776833143926508
46.980190665986356,596.8900259469546,14.988787040871031,1.2052788755055686
33.12259812675695,487.25967636213676,10.806190900760066,0.952848651043385
40.88367619638102,596.4045443686574,16.671591632655264,1.2476568885937918
35.89386731121857,463.4353204490854,7.308025272403862,0.8275434127602245
40.09938802989067,487.8438092045963,12.244076146626504,1.0052903286407548
36.43296725475159,466.4288885050496,19.767202976979938,1.2049861868828873
48.56149457733314,489.4908267715899,7.0943678905832535,0.863023731710754
35.71913186056017,463.68078091732247,5.3068538799196405,0.7675353121406119
43.82453405990114,528.3194668325067,8.40143078803262,0.9351430580483617
41.9109725900711,464.49503493934503,12.960217124226858,1.0056902644037398
32.10439099040976,472.02460015950106,8.014779611858962,0.8525984772532821
36.7111822872363,493.0200780631975,8.817394558842334,0.9034308926875129
30.712247621725723,571.3752803093188,7.732752762660295,0.9417481727162849
24.85140364948984,495.475040814262,10.724374356590545,0.9482705260738405
20.984513201800933,503.32463371058094,17.741585476706348,1.1618028395140227
28.935137562509013,511.1464663611462,19.909922394293226,1.2446130601430794
38.88974566262908,482.5860050631919,15.7101408614655,1.1025024129854435
27.951398871736806,456.92231287441973,14.574418949492314,1.0290941299488603
49.120064411483895,464.89802895008296,12.762925710496813,1.0091858807793423
36.669239010339716,516.4765684813223,17.30569761436524,1.1814840456752043
23.386831127512025,579.3488693325609,16.96340879561458,1.2174846721103885
47.78088552619945,506.86067480478533,7.9867263037371705,0.9061885708246497
38.84649998382196,468.36279951798986,11.538438639550831,0.9630740836842921
48.18627025019654,557.8107833909778,6.703347699205715,0.9191440521798949
35.674107476502215,520.932951016385,14.708520392827802,1.106781197146847
39.72821759635678,493.9041134912306,8.456265507106785,0.8972523506998801
45.72849265942769,512.0168511867076,16.791275058852406,1.1729157187765646
21.624856001204343,470.88917132922984,15.07066685823578,1.0500402470778087
28.184156979981353,508.9627017777307,5.04005030090587,0.7953944070298835
47.38572065390378,518.8353453658282,18.633413175238438,1.237069891440361
32.706927600447244,487.5429818932141,12.639760886174706,1.0076194679790145
26.500765755551992,540.0275768839239,13.870917281846676,1.0892810525337642
45.00930944764082,513.5149507586494,17.60826554026412,1.198024553776124
48.65335876524653,535.9540793677968,13.200365020577978,1.0927817284416943
46.21417714063179,571.8705107450953,7.728904542270227,0.9615053684389919
23.93615472989878,492.86402609070325,7.821136822490212,0.8574183241777831
39.28759786359589,557.5396597752565,8.084531883166466,0.9491851135997454
38.02113108356414,527.9151578597865,16.218031386856808,1.161982513319946
28.389736835070444,554.8943091298913,6.917585978630667,0.8979090595326493
39.96343450921468,573.3729336919102,19.16858099785825,1.2983846567641761
44.27602142261648,597.6608469763219,17.31252966115963,1.2723817635893813
31.09570005060192,541.2524699982022,16.90948888057678,1.187406761478758
29.940444874919233,577.1833253603846,12.563674289597401,1.0915191101419557
49.085035764534425,463.0315145364594,14.178552789961728,1.0497443929409793
35.43471058619575,492.1608088893045,13.87938742904964,1.0528358199935384
43.00556394997307,546.1634741256936,15.050863715929296,1.151446340541039
29.531792851954762,475.52595196641295,5.916135984076119,0.7899247725536399
31.097043736180552,565.9020811215203,11.68669826379247,1.0553743337055201
31.15051774709168,468.89724974234525,17.57578066935671,1.1351088170069112
34.48245918717983,464.46339701948295,9.579853630248056,0.8949620799108994
36.30841558078201,524.6259616387946,16.858642546367385,1.1757707575057936
30.881985540194123,565.6216980541398,17.528320204718263,1.2300737861209303
46.15290885855557,569.1040741821831,11.51723028575481,1.0723121188280218
37.39577647061504,527.246753342105,6.49162415627291,0.8687401986185611
28.344332968870642,572.4182735724121,11.318720267916893,1.0474102978210074
21.880224442130412,558.3292390247173,11.061108542433253,1.017512775850378
31.73461905135272,524.0849674297701,8.19475028054253,0.909595749660237
42.17697923223231,461.16700590789605,17.888381095710194,1.1505396628194924
25.875487952529177,552.6842803177346,7.582933419077891,0.9125166428307327
42.68494425792611,458.0781675828626,9.591034134287337,0.8991653719338905
35.03242469106089,598.1672798042576,12.89562073096773,1.1288264325971158
25.937164444078515,561.442895067842,14.5716886940197,1.1310150114435311
38.087371187120695,575.2447407741279,9.530093484281874,1.008756759286485
49.13599006802582,599.4571677726877,9.652059098647891,1.050438928317157
49.955670355546154,535.2412488194351,17.97516121707861,1.236940673276226
46.76209279579169,497.7988666911532,19.013412521314024,1.2266538583253137
37.862693529398626,531.8391744269597,13.039685789545151,1.0703581150250625
40.756885432592384,481.457751683756,10.732656323402512,0.9543835481765718
42.76890077035986,544.7268028771489,12.505181556654929,1.0733433755397466
45.92761737578492,540.8806699061255,5.912444094912433,0.8756635144732295
21.436158213277665,501.01574791235197,5.076021752069025,0.7800915982410198
34.69585561507404,585.8295645211267,11.449158315695488,1.072674133510834
38.5148505613375,568.3930741167235,8.012860766920912,0.9569224603260227
32.46418244545313,547.3648541358574,17.472831390431608,1.212130023905622
33.13948038916114,590.2088611756407,12.554882081178057,1.1082796740974339
48.79861201794554,568.3813612250685,18.263912455718383,1.277296999919052
33.59574526304883,505.17700489756754,10.597702002686763,0.9651027465569814
34.24293043390449,478.69095588444736,8.755446484260755,0.8841580134546506
38.82769675136129,598.3631298938083,12.287320752690675,1.1155173734137303
38.56267462126258,564.3404153556523,10.285191831372337,1.021099513573401
47.263396052912185,512.5258653602988,19.744798797161426,1.2639490743412818
38.1828944836056,528.8677200943068,6.630124720032434,0.8755000797997868
37.04020582817111,534.4981603210184,5.190716286566955,0.8365199062032409
47.94078075841489,540.7228062205894,11.704753357198024,1.0517913828845489
45.607464168853866,566.2521835062212,19.21783987535796,1.2997967099780274
38.860560031325534,461.50597249964534,8.818381552112676,0.8746331191021826
22.72533948822187,541.0287307037609,14.0210320732996,1.0900663672630262
29.873919674604643,502.3125020735537,10.003400504087809,0.9397569167894437
31.114802190716844,595.3778803213762,17.4728620532579,1.2584572446575093
24.191038104332492,597.2556166511771,12.555407989862537,1.1041566539774688
44.048778917009415,599.1327679923344,12.698000774507788,1.1351337648738298
27.181600957997112,521.592085926282,15.490783093849494,1.1202925799392633
24.535476402444985,518.2471773497654,19.597009052130815,1.236826794416746
47.00032232373081,461.6103176874341,15.606180305357146,1.088546129752812
25.51083544631019,504.57074521554927,5.648349176120078,0.8059097648070394
25.01603927900011,552.2733535975894,17.677119192762255,1.2138569784792073
21.444015758298676,585.2180203331784,5.554712799081715,0.8786644240035031
41.251794410874545,490.62705945758523,19.268934022627427,1.2202598231500013
38.855019278127735,525.3040573900831,6.247891643470799,0.8613095807918668
44.79205526920897,460.64209308940076,18.467851253811766,1.1706676997902652
49.300002438587605,464.4314100206654,16.848660381902487,1.1315162245259747
32.48681263107389,467.41942093844057,16.812296231004684,1.1123968236574235
42.349530080520665,491.5148842143249,10.736628974476778,0.9665506660492791
20.720239166486078,550.4574784267318,16.302086240070068,1.1654203645869414
42.6358422345809,520.844177977413,8.158516974690995,0.918894490011369
46.03656047626065,457.5526547510825,10.714989533124424,0.936548041340141
44.36689340881472,564.6279537443279,11.316894312151002,1.0595933998698763
33.73429308062505,489.4118673243514,10.88338892316288,0.9580814013700191
20.86348122417288,536.5398029262101,13.146062688691067,1.0570010351171581
25.188056267986408,585.0068456259246,8.564277856290666,0.9734202516496276
34.57707158951222,532.4445763161701,9.666107714152695,0.9656491472276412
49.17922684613502,500.0996165280713,18.052609275060192,1.203151928337546
26.30180871812594,478.86777367451305,10.094183658882807,0.9145705443386546
32.337450962908015,526.8355500726874,9.534708786156358,0.9532986273610132
31.637484319520052,497.9641911785747,16.20857609960165,1.1237683295660243
49.89428743044358,551.4092522760404,6.29052856566946,0.9024929685341786
24.888455680781334,563.4667327900777,17.36859275711491,1.215635085104502
33.21024671004395,588.1403818875913,18.891587931768413,1.2964008282281987
47.335444931989706,495.89456171471363,10.811302774956733,0.9794029511284027
29.048722405258538,523.8146499665073,7.615031288582529,0.8885764916305562
42.34112536766454,461.5412108427129,11.308502070118914,0.953722679655861
35.23224560172793,492.3190209586798,12.19346619014598,1.0021633136652193
33.743953832877864,564.7071993719344,14.756273720656566,1.1495753532827289
48.5573389735615,523.2030909495003,15.424966283374859,1.1466487531676979
34.42354501762479,582.2049716401884,18.714358551411586,1.286665159454567
42.291377404579336,566.7343414474058,5.617416854858515,0.8881210688488853
47.0586992815424,493.5389419497815,9.337140327432138,0.9324765258746736
24.912706389267072,596.7466065146973,11.434387375180814,1.0709191107567055
34.93278526876917,558.6359899725572,7.764859775718837,0.9352477648300838
47.49232175635332,549.691995442913,8.294733063165525,0.9578993895333204
26.296869358004518,501.5569046488472,12.930768300184285,1.0223510403518814
23.36139052141304,573.5623420265099,8.088027295286473,0.9454048990368703
35.6329698288915,564.114915866461,16.065918432706056,1.1906336811337572
49.64670052112436,511.1507895976024,18.30956144495884,1.2224960085977732
21.352307249373965,577.2521639821061,18.863529692032124,1.2698484388047873
32.97281261869345,494.65829258383195,13.727022770876204,1.047684991483485
27.56590517333934,536.6086942451187,7.954680033381937,0.909706476713251
42.14425484786093,565.0312917448675,10.182499036859088,1.0231865814104664
21.330789073319124,568.9785348761902,11.524410477007592,1.041374335528067
32.20378116027506,520.7366939424986,6.552080288624833,0.8575538290515874
28.38191873689594,494.8965935866725,5.949881297521567,0.8088704309334395
33.246769053222486,485.7146905229219,14.539217573583237,1.0634496790469472
44.568334539861425,460.82384390291287,9.908683324701812,0.9137947618187939
26.644122834928297,505.7538919769236,6.874946884314573,0.8453074520500212
27.820030540558932,586.730108968841,11.01643404733839,1.0519981685646915
38.87209669141317,521.6927863828521,6.628924211627858,0.8691506335959543
42.8415541696191,485.0731732214494,7.837320980819561,0.8737447453580601
30.309944201251064,469.46139355630197,5.357891520357149,0.7680855694185803
46.06844851865259,558.7988122630065,8.629629828033705,0.9752732677523334
21.702733689558524,597.0702299779882,12.178521014712693,1.0895542775313172
34.39479950910944,464.97139902187763,10.206431582860436,0.9141578458940774
30.023110397510862,458.36922449750966,17.142198719290555,1.110164074073115
43.227007286862694,469.5156203890981,10.267403069173938,0.9315714715728945
45.3271797744157,485.6972375630212,12.748916626538774,1.024823711077204
32.01328885015642,502.8958999880895,14.68059319441276,1.083330306883168
22.275943205383694,510.47381553263614,8.624686059903132,0.8970593263364598
37.79726446364771,483.90969589240643,19.66112816763104,1.2209901215008974
40.30717745394925,588.9087643454418,16.20297373467033,1.2253819482029884
21.71502943893532,538.5297139694432,10.488709562344845,0.9803347876384576
26.28455554704363,466.72084044154474,19.07893203008811,1.1719444957779928
31.95838615749276,569.3325398785407,7.516804853727363,0.9347846681872275
24.809646920372437,563.0713846862322,16.72606877224787,1.1958655065041341
32.99122175225742,493.25768333715246,18.387307532536724,1.186115936503576
29.402743277375627,589.2830260529161,8.149229361657058,0.9705133359993473
24.123395226477317,538.4604159222753,14.575252371421698,1.105872231098023
35.14047461283383,568.2602464532771,16.706048064209746,1.2133672816456118
47.502504087762674,516.5649946461843,17.55802439602711,1.202683856636701
24.2874892232207,494.01675159648664,11.667282416217205,0.9743945856120287
25.47209856311387,487.12641878024044,5.743559918261237,0.7912733395319699
45.006718794029126,472.1041557717868,17.11196429564162,1.1417214831335718
36.96652584386425,552.4461072755937,18.224836849008113,1.2453993700506674
43.231988578014594,553.0221255213551,17.699588856619005,1.2380497769424434
25.78893859221184,536.2952132546004,9.912293135299766,0.9659001805538582
42.91960997226601,477.2736057798291,18.753795278321647,1.1935369765948112
22.721107740850613,465.33558237077915,13.76516961855262,1.0066920556034211
37.37984865157351,514.6765009968315,19.192380976256686,1.237172741098999
20.933021025271806,509.9578565495277,14.648810395271928,1.0755884446892754
28.03990272225638,562.2384778470276,12.978646425654617,1.0866477490194866
40.68006493858806,569.5047140693302,14.482756702787784,1.154837496326199
20.160018981015114,516.0994417642385,14.617874442800838,1.0798356987745326
26.71436536822054,560.5146960629249,11.29799503415467,1.0328475037978406
39.572538015855045,543.4292945149439,5.130635824089984,0.8468140417574622
35.47192803228769,476.8196663293045,18.543981854507287,1.1774790320048827
31.668858866324676,461.17758285877846,15.804476526748003,1.0748979522441244
35.5737160352582,484.5875931034221,15.539491165486774,1.095239473112098
26.630427852189698,497.8413229721061,19.199097123952626,1.207102271505922
44.86080542054184,541.8564331133422,7.6253044813648,0.9266915743299634
26.419273110071394,485.29087935673516,14.132041865771651,1.0422762267174739
27.617101846025967,526.6331399171224,15.262580180964964,1.1190319226536038
48.75666978077073,599.612424255046,5.41551145512723,0.9230236051348263
34.59172639366595,502.9357755425859,5.388251581661539,0.8078229809845144
44.316589291905316,531.4452939813987,19.39057145277949,1.268558174179665
37.39783988217082,510.8052236404539,16.800134192794058,1.1615565492769893
33.03839350420229,571.6067688085736,5.494029364496175,0.8777256416237117
44.18246762737607,473.61070492948363,15.647262517252596,1.0982566649812817
24.76491042511582,561.5840645325436,13.021850793276878,1.0831957263622447
41.558509550538275,542.7399318901772,5.46456454867145,0.8586250052884935
24.90601557183811,577.5790649247022,14.974551383956522,1.1579481259081956
43.129335915567054,505.1779289280518,19.224171535840853,1.2358147448977364
48.481001498610624,494.31009004532984,6.043668345172772,0.8362213922737763
21.812692558006514,472.62360102987043,5.041581974520071,0.7511369259629807
49.48795716153646,475.6158601030973,19.324554210281935,1.2172124328634761
28.568621692057356,475.2101678393523,18.597208637141648,1.1688372040686734
23.543057195614033,472.2156476662347,8.457362630966589,0.8553653480897498
46.53087426171206,543.8147950825046,7.863374009056132,0.9378796081813287
37.00882365458939,560.6786212661481,13.568730768359325,1.1140015738851647
27.485886224060522,592.2140237895069,9.087502817167781,0.999196466084616
37.97007136742377,541.3297411799107,8.79838080470061,0.9527437545302088
46.44779086535488,556.8310372738592,16.181231098997202,1.200327708825469
26.494383863302147,577.9981814648072,7.3786928970705015,0.9324769482060499
38.15458085202542,514.8469444550315,9.181267551072064,0.9379781970522251
29.424410613151913,520.6982353556384,11.978567158218823,1.0168357633686431
41.5271527284721,570.616604866866,17.554276183395405,1.2491538312793184
39.14401916915914,520.6798845540194,9.265954769054774,0.9475885515871115
25.350814951551808,506.6200597579247,8.765599064003133,0.9012765503674584
46.39349213530856,577.6234532925403,12.93142417211103,1.1235580436250068
43.040806869698,457.4689445742289,10.295878130886877,0.9201462970879576
42.871680275884586,473.20552911531024,14.992779420731775,1.0765785120821194
36.89373985323111,577.7975832591699,11.55861112544337,1.07067309183901
43.3627013848621,465.28515835784793,8.591200547739243,0.8772245515211029
24.193803803995678,492.81472924765535,7.052349720662475,0.8346274756225242
44.992241518580954,473.9082060214664,12.796045435060748,1.014029870971515
45.46504205108262,499.8485923478538,8.244518260341804,0.9040154427219612
34.66101535685482,573.2929454243816,8.72726848113998,0.9784372690546496
36.88674179456102,593.5905264948217,6.629486620744472,0.9385835523603571
24.679086928315364,495.6343400709917,19.153722393674627,1.201094870541625
48.53704834581182,562.6824813149128,7.53622795736304,0.9494406304680688
20.618874695243584,504.6337213484055,11.264894612554924,0.9683541530941077
21.31518625581985,553.2913367183058,18.92609053478878,1.247718035581744
37.8360357229672,528.5527892752649,18.54181138697171,1.2321021755381252
21.33151926780312,571.8521471665914,8.693411911040096,0.9593189035825481
20.486953877150544,461.96157884184083,18.433409953500032,1.14057256979328
32.64323882023407,473.43724843255245,13.074950206854552,1.0064898031634817
35.77585809469194,551.038327647834,14.800289004112987,1.1397668203895885
47.044486558157615,590.5653288679497,18.06554190117892,1.2913371941010143
26.635523123361924,594.4079468237063,19.48203171671883,1.3121633022294736
22.78510038713412,526.5722733886802,19.66421056455438,1.2449799658092293
37.280771995832644,559.1439616427451,19.790872064274282,1.2994710885657645
21.367143303782957,539.7755940264333,8.857348738313732,0.9322049853055739
49.143779637755046,491.73798170502573,12.191499458198141,1.0189126899981638
43.073537202571615,473.13270139107925,18.682594977654205,1.18745247222392
45.82216727187243,554.6226201251245,17.941194740044192,1.2501361714162909
32.99700218107355,499.2320301240939,13.480738034965903,1.044900423899413
44.77571816996519,543.7157224053775,11.787810275080519,1.0533196783702496
30.49184012429366,507.36997535991514,9.096810318035665,0.9183890850563521
28.732085368148418,593.2187351535968,11.216674361245186,1.065634072701138
41.92385429806491,479.7665348882489,6.495352890017271,0.8270319394613481
32.56771521632231,531.9111291052524,12.784076238072636,1.0561430602678343
28.56643985266316,499.6601673112297,7.256291854582255,0.8530569727645262
24.059887910967245,579.6188729649863,15.837294726560819,1.18481257465052
22.764587608015784,576.5631026574843,11.844600363548906,1.0603568480739711
40.294327097024066,556.0523451879222,7.908370691600626,0.9436713748072211
20.38383274162793,593.5706689960748,9.647678684445385,1.0084808204564712
47.28392310109747,505.4093393665815,17.61637888524359,1.1930056098002613
34.11328080763248,577.4221238453538,15.958712855062297,1.1988251105067633
47.532511018140085,509.91046228318197,15.476463741192397,1.133620013291629
43.58854146278557,580.6275325296307,14.554583877005477,1.171750725668277
42.96396894179836,587.0802200044841,7.076770397411416,0.9530882931040746
47.11218006705877,529.8266691555282,18.58100283411654,1.246146979262848
30.28001210570025,549.64602918127,5.222712142487832,0.8441774085880303
45.78567650276253,588.9952809541342,9.982368544165963,1.0456984329075665
37.872548163103446,559.203891701405,6.6811886684588355,0.9069802369590495
38.560747508775385,512.1571012974516,5.339060505094902,0.8205298508362678
21.50623655514662,505.9161141124048,16.596659057329365,1.130698681526219
34.62578627067181,475.0456401177442,12.467840286192565,0.9923630815418608
29.309086503585746,528.1859593932337,18.759654597027115,1.2276119554335294
39.527572986132974,491.8202372742328,10.125328668849638,0.9449895635723882
37.46064659259284,572.3114150424998,7.38987728238954,0.940833541754927
33.4226270075233,461.2334836184346,9.80458785759011,0.8971494031055421
30.89585243228364,535.254956874804,18.324183673808225,1.2236002826294055
38.32029270437112,582.0637836120281,9.368018348601943,1.0110046999505504
32.9224129665277,479.0560786923034,12.62835477579878,0.9990597381744265
23.48900737721214,477.8830726517043,12.601666190654795,0.9852943175928633
38.42712266702995,593.5230468759223,19.783591183387053,1.3350646857113213
24.830928802861315,521.4729686968763,11.962886499988109,1.0113982247000963
42.893522446320326,481.3450255273069,12.510610424873686,1.010280241331418
41.36083704699155,466.75041506436685,13.891302289852657,1.035190530068686
41.702221480960205,465.41363684778196,9.764427732225988,0.9104742456657618
48.631550339529056,502.6685691540208,17.28129902568908,1.1818969778491044
36.67916330529684,584.2476815144394,12.503713658677617,1.105208045406389
29.661019999702862,570.9733580147763,7.651503462389245,0.9375947368860823
27.73144135607496,598.2098895625463,18.370956704570442,1.2840028923947533
41.70177803849289,596.1611103890126,8.250866045773503,0.9958143143103337
21.771376268756793,530.2423761348891,5.5002652492259285,0.822464553947613
25.43234644976989,497.1077300836624,8.167407074338882,0.8739203753760413
24.80822035167169,546.1906380010012,6.4709038196925075,0.871328028031366
40.33645990207902,486.97044009622556,9.94202597710104,0.9356517942868555
34.96964588919844,498.02487304181267,18.632357155115322,1.2007076450567704
44.88971628366825,482.42707827774854,12.52911731750584,1.0144127431575092
47.064647891769155,487.7104794432756,19.918036944975043,1.2440823976572384
32.315446129892564,585.1320347088457,13.192535169476084,1.1213023974554939
42.701290457217226,535.8814485188666,10.90596408807335,1.0164369842325887
45.740282318797576,459.71769551829215,13.999188497496222,1.036868703341676
21.46640696435378,459.9866856957981,10.26390334248085,0.8947367946756658
36.03877782161784,495.92799485133025,6.960997051588539,0.8498063786760087
22.032767902747864,500.70027558262444,6.6573691868810805,0.8279623110674916
31.84667635782052,523.5901115595756,15.833038786863357,1.138389620612752
26.309732547808405,492.00090490618095,11.444765010014319,0.968231020891371
27.508803236219457,481.5646456997188,15.598420409878416,1.0839032620413458
40.18744783283932,562.9119515613024,5.233438481109414,0.870149415785634
36.11935780725081,519.577536175841,6.709646361492528,0.8660161242796803
44.803866030004784,529.1163519361113,18.113398956669016,1.228523153173688
47.18475199509453,506.5362958786536,5.300092645256892,0.8245200152302284
34.464294608245574,592.8038225497867,16.17805091199757,1.2212257181700208
44.65782414602795,590.5489194079215,7.0927437159398465,0.9591535110686518
34.651517290013885,585.3457632416407,12.847764401580406,1.1140930919015704
48.99097937622497,568.2676431201007,19.195376033213748,1.3053676483367944
43.81177351899556,544.3313693963737,7.265927037519025,0.9170738974206888
30.117832772403773,494.81838423503444,8.672396346678399,0.892637565600891
26.09196599601509,537.4400420609533,16.40701631467948,1.1622654889963566
31.66985507644999,459.246646188825,10.256314239322055,0.9065233922140491
23.262148422758735,587.1864304065514,11.66836151039034,1.0663149612467102
45.86133945155207,536.2659661799194,8.767041235002178,0.9566038775444248
41.85066562750992,577.3651314463661,7.202430275858968,0.9457513717565226
45.191783583042096,480.1254647575581,10.92447283014073,0.9643493791405825
23.220331037200847,513.10293390366,12.484090044709085,1.0166510490414336
37.31290784751454,514.6734341183223,13.657304522628339,1.0710337046065657
42.571756494462825,598.4528477783722,16.447543965258113,1.245093862354194
23.501869575269513,495.6818918357967,13.41644437661043,1.0275525601031965
35.71876493194662,494.00443872717676,10.51167521008318,0.9540031511946053
46.58633722249537,519.2085898057119,14.254400944805644,1.1050735396780005
23.51820168752325,530.6383241424089,15.79918660477409,1.134011674395036
42.24737199755229,529.2584991184923,16.735811876069775,1.184142070397526
22.21609876803557,594.3536371167252,15.949210671348657,1.2006000807172295
39.63060158828962,511.5024783167787,17.29208661553595,1.1798033287682195
48.2162507283632,568.8257280796221,13.269915385662738,1.1271935030599582
48.62719391114323,564.5395441562127,14.32833895018206,1.1551737050506037
43.40365706401411,532.689114799612,15.681870842285882,1.1573998113982062
47.747785835992076,584.3091234835427,10.5598134410804,1.060788259010945
21.903666047594232,572.1107119656622,9.132308244690032,0.9734595418658559
32.29023743808976,561.0693699487845,5.007063599310759,0.8516440747257196
47.57276819967211,550.8486586412718,9.026138363892038,0.981098769807623
28.07242148889612,457.913935819872,15.483131262984532,1.0574984005705281
33.66525286612875,584.1939699585363,9.824344402171842,1.0210058681063525
49.193416366854905,523.6094006169401,5.679392412162989,0.8554829434403984
31.94733269347407,572.5865795607135,6.144692426024729,0.8968615182082981
23.143072250294757,519.7985173630501,10.550334464833917,0.9652373916209361
25.276562409614503,522.3156464092813,18.433717405856804,1.2069228715970035
46.93306046800309,577.0294453748081,13.640751877817657,1.1449183272943417
34.42137009059325,578.6403266568738,15.556431597377355,1.188359987191436
35.71435056403976,483.4613211593984,7.151066876154243,0.8426362656490752
49.94152557643652,520.8818483559155,18.195150870988932,1.2291632814561293
23.992522581853905,475.1058139062356,15.503403225191299,1.0701985638892921
30.878730487352847,473.77648827330063,19.573599928208477,1.199582899228746
46.684631448153766,508.31046563506425,18.345840646632062,1.2170414743442184
21.188275299263143,571.7661652808006,5.576047244125215,0.8655329267286359
34.04998441546182,586.4031962020201,6.658248140205183,0.9287131209275029
21.3132175446532,585.4945760083176,19.778424578676173,1.3054888352994194
28.9013393949701,490.9732557192032,10.113627344748277,0.9305087503053642
20.161356473525707,528.4753086603872,14.19810634886253,1.0796201947181703
35.105489457660816,472.0914802453158,11.782304762780633,0.9694424849508106
42.73254457932929,534.0580093855004,7.19635110891686,0.9033642233771678
34.28786648681401,503.2128096648718,16.04307937018138,1.1273650238788309
29.135929431807902,513.3265074399891,15.2509756372989,1.107275688348716
48.352144552625724,592.2594519030113,17.324424143126713,1.2724323568875948
32.08899879198713,583.6525368221411,7.133512789620068,0.937769169000727
27.233041596477516,571.7794460430445,10.175517403873675,1.0110862701548515
31.34582080927639,489.9251417426976,17.104310037109087,1.1422367188675657
23.318412527123805,461.7276262966717,17.968829202165708,1.1299405180205477
30.90157768821976,516.201077136267,13.59060865226758,1.0625463088145692
36.7554523427398,543.692926565738,13.3850682158097,1.091189288468454
31.25651132124116,559.7174597897001,9.901079593632439,0.9958204867502246
43.360630086860404,543.102200159846,14.648571183324435,1.1367601232681546
36.10979800715121,566.6171214428156,16.145504589437337,1.1961195066348749
20.258538017504836,516.3635643113407,19.363653207423983,1.2225963330559413
28.209884700843592,582.4175855428691,7.436258889874719,0.9407677081151652
37.13386540442144,557.6644805860785,14.779884529194618,1.147478348217444
23.6190176098163,527.2147114479377,6.256306173940082,0.8444276686784106
33.22457361420362,521.7925822579673,5.055039860829991,0.8149744951006216
27.437097653938984,518.8830563052884,14.575410065237843,1.0904417303298475
30.9679901214837,599.0848356598115,19.471720077507037,1.3219464256368774
25.148858601495604,462.2835129523002,15.33228038655034,1.05368799780068
47.436618574466294,466.9002437964439,9.817332028720653,0.9207159778761463
25.677145183906397,580.8033960981088,15.251069825009678,1.1704319223282822
49.35806742317841,558.1693088074244,6.7666686915829946,0.9228669538338873
47.44916295462586,530.8568667739214,9.348092996401064,0.9706111103592355
40.38311893413194,567.7387056498519,5.47765573712152,0.8825472764311625
40.501907993607084,511.13604962688464,5.506939635634435,0.8269716236879264
35.38982938438506,525.124619799519,6.049416219142871,0.8508443931042864
26.607711331257107,513.9998640657773,9.70712248371703,0.9384731777413594
49.01229211837201,555.4877777489367,6.465744021737467,0.9107254635490256
49.01342907735304,473.15108594434963,17.272895182219813,1.1526047277576352
29.62070718805117,559.2744554521189,10.177419992086362,1.001622939199774
31.26393492874238,563.9262990694812,9.338434473485837,0.9831592519349842
40.53911042104909,458.347344123995,6.4626141793745,0.8028996575315414
40.95087042223877,577.9460883954436,7.340047394071977,0.9493360982454013
34.74952624382518,493.7307249649623,9.662755670263401,0.9270503028776458
34.231810622910544,463.0559072587955,7.1974114269608584,0.8217680133462594
23.860469462756907,584.7004641684287,15.872510825279097,1.1907013757552478
47.46405352275345,502.9448544516509,13.574651682317377,1.0695144718246141
38.032497009052946,586.6314044900544,19.115510938975156,1.3076373539206254
41.02497388386861,563.8425812903071,6.257447882608812,0.902847235123407
22.822156886501695,564.1156267934794,19.048913908692512,1.264110740162382
36.13792853056404,502.936876042259,10.401807534904325,0.9601635127525938
33.52417367038795,528.3462922119312,8.407484347703,0.922476039731006
32.488394040473665,543.5538420568647,19.82338829463829,1.2788659834466056
31.401679153503135,486.52508677950976,13.730427497138809,1.0376900106355529
34.09322141412879,563.4628882461307,6.060884601177598,0.8879059530491197
48.35484163703863,490.1601926863333,7.283737549749028,0.8691158712251025
22.449561398640576,476.9829738700316,6.100246935828441,0.7880523336931856
44.034960111136904,574.5030866472308,14.068688982869158,1.1516074562722267
40.10997206306644,480.4447145838684,8.381327355591663,0.8820220003304514
45.558977088033444,527.5340111841499,17.974336279428073,1.2237128209270338
43.52046783789396,597.3715267844673,5.324195492520717,0.9114979763574561
29.195976860428743,587.01054942441,9.291163787594078,1.0022404341277682
29.516985053662765,522.0217448316446,14.243022601198675,1.0862086541846832
27.86899414725637,518.4684290944713,9.65781893964363,0.9430392399678507
27.971393707515936,546.0413560138114,15.571032873226871,1.1481365843450124
30.076481021323254,472.28302929248144,10.802675530321654,0.9339588964787852
35.40285905911707,550.8018314355406,5.6898027277957555,0.8657494870933097
35.027631347813326,585.1874541186855,13.175393936548021,1.1242338113998929
46.706054696095705,455.6665646058662,12.315057888499272,0.9835008696309641
34.89017731639574,501.4624678775715,10.970324702482245,0.9741849305975335
39.79860545474434,481.20133473835193,14.691880518235049,1.0717060071038338
22.28229759967854,537.567032419896,16.246858263427093,1.152825652322307
23.744391256325844,534.2080296897541,8.986113893963488,0.933471935579066
38.793156433095504,472.6990941505556,12.921648009914204,1.008839979989351
49.62894511625362,553.2751709471074,16.19125327206788,1.201048950504461
35.999126148612476,592.329924199332,8.774393211254855,1.0005606282227435
30.981329487436387,548.8090693948744,13.94252910572244,1.1058116044258433
37.67795416360785,505.9499616594083,8.08499459486075,0.8955972422097406
27.316341673748564,584.929826252814,11.280105967908211,1.0574784323822461
46.649019268221096,541.3873218013538,6.074718429667538,0.8819401487766562
48.62878023296544,550.9437310755245,19.07903386143763,1.2841007222098604
49.93353756593169,534.6636411407821,6.967317967480239,0.906100102122604
45.87285193658599,569.9066230849056,16.521256602994622,1.222885386095477
48.87251777778759,535.3749085319438,14.15727039538123,1.1211836676156153
45.21541458917306,507.543867981195,16.635367280000434,1.1631241546176745
26.399295802593567,536.8999913927606,12.788732085825679,1.053561073720773
30.027595344565277,514.9798386586767,11.983651978408277,1.0120238921916318
37.57913517309227,464.7651699616079,16.38086415138597,1.1031650134695525
22.483357253118438,488.7169863824828,6.690398134345241,0.817533126979238
37.81220336732827,562.512258617366,11.08115930326703,1.0422122919245373
47.64923287515769,566.5308542477095,19.14882289800879,1.3005570822819204
25.01236921874448,474.2824465367956,5.182755295530427,0.761030566926139
42.69495377872846,501.84228709525536,8.114283992666127,0.8986394990986497
35.772149773295055,469.58245517628177,16.10827251614743,1.0975458178773234
36.41516245204946,491.934616262114,16.07961022868627,1.119841876187764
22.08937673701813,589.8841176690828,19.035577650990334,1.2885631681200653
43.62579248326767,591.6463191946677,8.879979759251588,1.0125779525763
33.64447518760957,598.7038601809868,6.6592512771365815,0.9405369924795962
43.56350011867278,470.65764095674876,14.057841496065048,1.0468472609870412
22.881294073244703,477.234376365019,10.824027823639163,0.9305568286657497
25.5969282582221,461.9571070524787,18.69252571436344,1.1547290388061597
34.91867714650425,543.102950969071,8.674506490980669,0.9469864921316213
21.375624244824927,555.7080894695475,12.4374850609233,1.0555521716032776
27.4763356197966,556.2315072456507,12.155830540350875,1.0552518429809228
26.259406940034207,579.3322215098772,11.690653226947383,1.0628760769933414
20.17521624122665,505.44222665273696,7.339775889161942,0.8508545236291285
49.68711311000693,479.5442290191968,10.809240467491684,0.9659303344314559
25.263892350103536,548.8095568795947,12.19824524786586,1.0463367797532
20.23081468880869,532.591626930481,9.371320880657628,0.9390197717112206
42.94216144199906,523.0868789429592,5.466042036231408,0.8407458418324002
49.539527109629816,588.1714202790188,18.983046960050782,1.3195872379675797
49.24654003626514,471.42961211275286,16.445905414426107,1.1263649495908674
28.166034981507266,537.074756392393,10.367247532961617,0.9832997261081257
37.117167079985336,556.26670141738,19.14780759943561,1.27709738825043
34.97923290705897,514.6365843341687,5.338172779341442,0.8185058088482356
42.154894469225994,471.6464242046784,15.087929208224688,1.0769779185379516
32.80315390757194,496.22514549956946,16.48959385434124,1.1319169035142718
37.3275777373501,472.9434091958768,10.915671556015985,0.947073028048044
31.41893731262386,522.7262890769085,5.51845169284088,0.8275535115029148
47.44533033239676,478.7928616854041,14.554049617312648,1.0747210131202796
42.810024378760616,495.26624339042354,5.5197864416272635,0.8143723671126922
32.20193851321711,584.1953556039226,6.925908342904448,0.9322250290325775
40.445407299419486,502.8715865183252,9.930452171780065,0.9513419107960015
42.09559081039226,564.8710567840943,6.7081249436096,0.9187342936053726
31.134483263168867,538.0265975304346,9.001209924249734,0.9469809993368877
30.325495549357214,538.2478213114914,6.488045494893359,0.8707960555949886
35.61545318577794,545.8233658112817,6.929458276949866,0.8982264306020001
35.14215891995492,590.5146511604788,17.846982005695295,1.2698518099812814
30.915147787812636,555.642494229373,8.970368012588317,0.9633974693417883
30.6849888991628,553.3519119336785,13.340512454287312,1.0919235216862515
34.44396236138279,464.1730788457091,7.931405593026205,0.8451701995882237
41.607402434976834,505.9823935853872,11.934703385186939,1.0160327481847164
39.672964766625526,591.713910521807,8.561725009416445,0.9981568667625823
46.43204527043129,463.0921592486338,6.576750860355147,0.8184347416473273
32.19449464850602,492.7693079612337,16.749276189233164,1.1354907119488613
38.39578322643004,563.8911632747573,9.650776029440006,1.001409173190995
48.39375125435405,558.0935447623041,10.45570106470748,1.032256765771471
28.812175677788435,495.72030707616784,19.178777559955066,1.2070988534720555
28.260158129735874,513.5989944061408,10.050129036205503,0.9504280631544757
44.19377340052698,577.0972457587247,16.10740132309209,1.2155615022021464
43.21434316011617,565.9489769732796,14.655657634815867,1.1596366349679008
38.64379380771675,546.179363983326,17.06977559546026,1.20657737410678
22.372678244535724,505.1521486051843,12.23589695424377,1.000194905038167
42.2837784281085,585.6337378885485,19.675897366566247,1.3287653819206715
22.22901337307225,484.46609092602364,19.79894513156254,1.2062207115892403
45.971508944398344,481.72096234127656,15.787382431658548,1.1128068214715312
46.8247473100016,516.5429830524674,14.068236997208045,1.0971210271062108
22.657392342595884,492.7649957716145,6.799427778597918,0.8250695695577969
39.147712749878096,504.4892763519342,5.154383790486156,0.8080554310038665
32.075294566241325,586.1320034483269,15.744024951159872,1.1985468701909248
28.64275345816979,541.8933322561548,11.852656002482501,1.0332764541533421
29.295196856426372,524.0986375066472,12.830119356526229,1.045621214272967
27.119245977178597,522.7067103600908,6.834501310204459,0.8616408071376979
32.70160976138354,543.3808164760758,8.404225847703916,0.9363846041089228
29.882266861536745,502.5885233925088,18.323134069919853,1.1896353790670253
46.88957144755925,565.7633024502101,17.20054039255223,1.240391478536226
41.17032983755366,490.2986553742331,8.836651642799533,0.9068611169551611
24.368285161347835,468.0341994902549,18.226005197292437,1.1452747118607127
39.51679149884269,556.8502902703317,12.85165795402779,1.0917960182647188
49.11915050892575,488.81551045036855,15.142032914646423,1.1044754360259186
45.318490087437404,515.8932806797682,5.41388075762774,0.834957816017897
34.149930620075395,492.3655431519875,16.725953649454024,1.1368315659107027
27.55889741025328,467.12938666816933,8.96475428977929,0.8705206371243647
47.582322339286165,536.3275059171103,16.09964530634536,1.178794768031579
49.94733696621526,494.4441623235491,10.440881349679564,0.9701047740217051
23.590744492267813,557.4419401420396,6.910104923036399,0.8942335184484663
21.408394514396022,571.9516104800089,9.058874402505861,0.9704783356981797
32.77206746558289,560.4449999707754,16.862067998035204,1.2072721242438103
34.42102922625251,563.8430909189933,17.383104453276886,1.2283625110501155
21.659836150415188,468.7744344768719,16.51403753573863,1.0912703557370498
30.8792571195072,545.9475837570983,7.681598737038913,0.9149946172676496
43.620199352249855,551.2868119541871,13.956240783822786,1.124499284659183
31.36964583571911,481.17668846232124,7.0675106676174035,0.8324140657854923
36.643811219262346,495.4105304842668,12.564281945441783,1.0181437528715982
21.84998444898699,491.7945265431804,16.858536759400767,1.1248631098864372
39.75301255625635,489.89386379113455,6.0980211761041225,0.8225257647695786
40.05579805325489,593.4134844354929,13.66050035893566,1.1532982427701315
21.152165865312835,521.0336122166813,6.03148505556545,0.8284183712152858
26.1399217310601,565.0715811164494,13.84931284396284,1.1132258685991598
34.342611567055435,533.5333136620884,15.936548367793591,1.1545580291547155
28.044803186589796,592.2011573742627,10.394404549914531,1.039089297854936
24.716748386629277,504.1536592044461,11.0715643084338,0.9671965239407466
21.743704543048903,553.7814545595477,7.304273839413066,0.9000893004207509
25.031449178104076,519.7809384025545,17.389887632193194,1.1727668788409806
22.526951329559303,587.2976109470028,18.13121090388198,1.2593926272254112
41.66910906548584,542.750009845096,18.980658971067058,1.2642561653089652
37.72319199775809,597.7896989019923,15.486346238942374,1.2095340760674613
43.21147241390049,489.17513605723565,10.147767858085613,0.9476225123171796
44.95601046074133,493.3171789557126,9.397922083427728,0.931449854534471
44.344476366539055,551.3391155514412,13.399203813590127,1.108745825417319
25.592853929801354,524.7612271372946,7.058255977718932,0.8684999738811142
35.698509130868736,570.6221231339999,17.418136827332305,1.237789364367555
27.62356101253408,590.6481424762236,18.74321486516711,1.2874740396969047
23.36882682436818,558.9338148778469,5.057213572184213,0.8398612555738335
29.657033194439016,504.7891510414947,11.61000228182751,0.9901605109893687
32.579940478077255,475.9783950803147,10.635897005766697,0.9357802308509122
21.363523977252072,543.7385280325237,13.000443387778336,1.060456234637439
39.10148509703468,578.3356977587415,15.729478916631141,1.199096921628969
36.0554329260755,593.6651024159287,6.727507991971304,0.9405596333326622
41.36187801121011,516.1299567920573,5.641091764814137,0.837065057250494
43.852506937970475,495.3217038181657,11.440244234037458,0.9933446645117524
48.17821270167762,541.685456922489,10.61801361653568,1.0204486312956567
26.777475273553353,585.8802145033551,16.99098244763814,1.229081532024441
31.699493390810115,500.9161561667623,18.971616375236977,1.2096890141623844
25.238274210957098,477.09783404469067,8.58156765863158,0.8660927065673344
28.26544429960741,533.4447239207318,7.378821803642037,0.8901411834045022
26.16894318234205,561.6030439039032,19.140858924119183,1.2685399906054062
24.729767727653655,565.7345144480258,9.891136619189256,0.9933808226832705
37.99651641514615,574.9061206884844,10.08137289097716,1.024842952936732
38.541830817343666,575.8782536191425,17.20329576778905,1.2401544151744937
36.28229884908884,533.4898087207539,9.627343008033,0.967662972523105
30.12209132609338,539.3826590511018,14.307774271001252,1.106268501338756
27.623446296472764,543.9372192602568,8.184090313716732,0.9239892365423498
30.04817012100284,574.9989693278536,16.58713748069159,1.210173306399855
38.38086821328919,463.96618798383525,12.543273874184527,0.9882404894759825
26.66236079195684,479.0866283408517,16.711168097299797,1.1137496222497916
29.998369277197334,588.1202217823878,15.825368057546743,1.200379225105287
20.81558093082302,570.2356281978718,8.141186107329341,0.9404906875812808
21.02460182483801,496.84032496294935,9.778860862575769,0.91648690312127
45.803574685876924,471.80423314059107,17.325670261087662,1.1488288093305672
26.363720628875562,483.9791600804445,13.849322169690867,1.032413475957265
48.2855313440252,515.03384295497,7.660366551336306,0.9052017536750907
40.25158076018226,588.4082980569004,15.386848930675184,1.2003282419273837
38.90321102969365,582.1471704824254,17.051170234294414,1.242311291298375
27.925382251887036,543.6675343364388,6.745129603228124,0.8809281502481414
24.991600107402604,586.6293639553205,17.263366136494867,1.23576984818442
31.827225989191344,479.3783836990459,11.091172436145794,0.9518975892699088
22.517371682453575,490.7496042917346,15.768078442620585,1.0919386721734192
40.418224675124534,549.7830493350848,7.106340430962714,0.9134960431078719
31.3981161190194,482.55467370525656,15.75353100823053,1.0944082491009468
28.185311718468284,507.8873637243537,8.01373744125122,0.8835311266099757
41.94234424652856,533.1914159768371,12.856649010013243,1.0713188165853953
34.124060789252596,534.0920336693016,15.757642964853904,1.1494763986014844
